{
  "train_losses": [
    1.5284611728456285,
    0.9125717834190086,
    0.7424128620712845,
    0.6977487833411605,
    0.6647470288806492,
    0.6049968953485843,
    0.5257401325084545,
    0.45731684896681046,
    0.4457132809691959,
    0.36713048617045085,
    0.34219630945611884,
    0.3254035512606303,
    0.3097963692965331,
    0.2943337086174223,
    0.27673661101747443,
    0.26385037843827847,
    0.24630996573854375,
    0.2621828058251628,
    0.23055074358427965,
    0.2111014829741584,
    0.210074128486492,
    0.2174524908264478,
    0.2107302682267295,
    0.2055393938665037,
    0.21360300183296205,
    0.2071231052831367,
    0.20415268926708788,
    0.20237920725787129,
    0.19815128081374697,
    0.20416914379155193
  ],
  "val_losses": [
    0.8749775581889683,
    0.6142961532981307,
    0.5297977531397784,
    0.511427476450249,
    0.5046571011896487,
    0.40314127427560315,
    0.35368512548782205,
    0.33594955095538387,
    0.31139644152588314,
    0.2861486011081272,
    0.2655600705632457,
    0.24743510650263892,
    0.2398795845331969,
    0.24149296349949306,
    0.23020049554330332,
    0.22370519362114094,
    0.22729421611185427,
    0.21439197615340905,
    0.21920374698109096,
    0.2052308083684356,
    0.20435917465775102,
    0.2096986472606659,
    0.19290310729432988,
    0.18961647638568171,
    0.20264372924963633,
    0.2014482276307212,
    0.20497166735154612,
    0.20248129423017855,
    0.20634662806987764,
    0.19403831991884443
  ],
  "train_accs": [
    0.5782407407407407,
    0.7666666666666667,
    0.8097222222222222,
    0.8097222222222222,
    0.8162037037037037,
    0.8402777777777778,
    0.8569444444444444,
    0.8689814814814815,
    0.8736111111111111,
    0.9074074074074074,
    0.9027777777777778,
    0.9069444444444444,
    0.9069444444444444,
    0.9143518518518519,
    0.9203703703703704,
    0.9319444444444445,
    0.9333333333333333,
    0.9208333333333333,
    0.9342592592592592,
    0.9393518518518519,
    0.9430555555555555,
    0.9333333333333333,
    0.9398148148148148,
    0.9416666666666667,
    0.9425925925925925,
    0.9361111111111111,
    0.9467592592592593,
    0.9402777777777778,
    0.9453703703703704,
    0.9435185185185185
  ],
  "val_accs": [
    0.8407407407407408,
    0.8703703703703703,
    0.8740740740740741,
    0.8851851851851852,
    0.8888888888888888,
    0.9037037037037037,
    0.9111111111111111,
    0.9296296296296296,
    0.9148148148148149,
    0.9222222222222223,
    0.9259259259259259,
    0.9333333333333333,
    0.937037037037037,
    0.9259259259259259,
    0.9259259259259259,
    0.9407407407407408,
    0.9259259259259259,
    0.9407407407407408,
    0.9333333333333333,
    0.9444444444444444,
    0.9444444444444444,
    0.9407407407407408,
    0.9444444444444444,
    0.9481481481481482,
    0.9407407407407408,
    0.9407407407407408,
    0.9333333333333333,
    0.9407407407407408,
    0.9407407407407408,
    0.9407407407407408
  ],
  "lrs": [
    0.0009045084971874737,
    0.0006545084971874737,
    0.00034549150281252633,
    9.549150281252633e-05,
    0.0,
    9.96057350657239e-05,
    9.842915805643155e-05,
    9.648882429441257e-05,
    9.381533400219318e-05,
    9.045084971874738e-05,
    8.644843137107059e-05,
    8.18711994874345e-05,
    7.679133974894983e-05,
    7.128896457825363e-05,
    6.545084971874737e-05,
    5.936906572928624e-05,
    5.313952597646568e-05,
    4.6860474023534335e-05,
    4.0630934270713774e-05,
    3.454915028125265e-05,
    2.871103542174637e-05,
    2.3208660251050158e-05,
    1.8128800512565513e-05,
    1.3551568628929434e-05,
    9.549150281252635e-06,
    6.184665997806822e-06,
    3.5111757055874332e-06,
    1.570841943568452e-06,
    3.942649342761118e-07,
    0.0
  ],
  "epoch_times": [
    24.91971206665039,
    23.608635187149048,
    23.721373081207275,
    24.779003858566284,
    24.682719469070435,
    30.397979736328125,
    31.145084619522095,
    30.844150066375732,
    30.856403827667236,
    32.200547218322754,
    31.054632663726807,
    30.894679307937622,
    30.94945788383484,
    31.01796007156372,
    31.757911682128906,
    30.75253653526306,
    30.74880290031433,
    30.63364839553833,
    30.519843339920044,
    31.205198764801025,
    30.938904762268066,
    30.57884979248047,
    30.539119005203247,
    31.843282222747803,
    32.70655298233032,
    31.099177598953247,
    30.972311973571777,
    30.806384325027466,
    30.97344183921814,
    31.19583249092102
  ]
}